col0,col1,col2,col3,col4,col5,col6,col7,col8,col9,col10,col11,col12,col13,col14,col15,col16
fashion,new,french,style,wer,lady,warm,knitting,hat,ski,knitted,beanies,hat,cap,purple,,
fashion,new,french,style,wer,lady,warm,knitting,hat,ski,knitted,beanies,hat,cap,,,
hats,caps,beanies,navy,,,,,,,,,,,,,
gud,look,len,beanies,cap,,,,,,,,,,,,
gud,look,len,beanies,cap,,,,,,,,,,,,
gud,look,len,beanies,cap,,,,,,,,,,,,
eisb�,r,flair,cap,beanies,lighray,,,,,,,,,,,
mini,rodini,expedition,svalbard,beanies,,,,,,,,,,,,
len,beanies,cap,,,,,,,,,,,,,,
gud,look,len,beanies,cap,,,,,,,,,,,,
fashion,korean,wer,lady,warm,knitting,hat,ski,knitted,beanies,hat,cap,flat,pin,stripes,pattern,stripe
holly,cap,beanies,light,purple,,,,,,,,,,,,
,,,,,,,,,,,,,,,,
rapid,dominance,embroidered,itary,law,beanies,,,,,,,,,,,
,,,,,,,,,,,,,,,,
fashion,korean,wer,lady,warm,knitting,hat,ski,knitted,beanies,hat,cap,flat,pin,stripes,pattern,stripe
,,,,,,,,,,,,,,,,
little,beans,crochet,beanies,girl,minion,,,,,,,,,,,
,,,,,,,,,,,,,,,,
eisb�,r,flair,cap,beanies,,,,,,,,,,,,
,,,,,,,,,,,,,,,,
eisb�,r,flair,cap,beanies,light,,,,,,,,,,,
,,,,,,,,,,,,,,,,
gud,look,len,beanies,cap,,,,,,,,,,,,
,,,,,,,,,,,,,,,,
gud,look,len,beanies,cap,,,,,,,,,,,,
,,,,,,,,,,,,,,,,
fashion,korean,wer,lady,warm,knitting,hat,ski,knitted,beanies,hat,cap,flat,pin,stripes,pattern,stripe
,,,,,,,,,,,,,,,,
rapid,dominance,embroidered,itary,law,beanies,,,,,,,,,,,
,,,,,,,,,,,,,,,,
rapid,dominance,embroidered,itary,law,beanies,,,,,,,,,,,
,,,,,,,,,,,,,,,,
vivendi,underscarf,inner,skullies,beanies,cap,caps,,,,,,,,,,
,,,,,,,,,,,,,,,,
gud,look,len,beanies,cap,,,,,,,,,,,,
,,,,,,,,,,,,,,,,
pinkxeniewborn,animal,beanies,baby,cap,,,,,,,,,,,,
,,,,,,,,,,,,,,,,
hats,caps,beanies,,,,,,,,,,,,,,
,,,,,,,,,,,,,,,,
12257,0,beanies,,,,,,,,,,,,,,
,,,,,,,,,,,,,,,,
molo,kola,beanies,da,gray,,,,,,,,,,,,
,,,,,,,,,,,,,,,,
gud,look,len,beanies,cap,muffler,,,,,,,,,,,
,,,,,,,,,,,,,,,,
gud,look,navy,len,beanies,cap,,,,,,,,,,,
,,,,,,,,,,,,,,,,
gud,look,navy,len,beanies,cap,,,,,,,,,,,
,,,,,,,,,,,,,,,,
fashion,new,french,style,wer,lady,warm,knitting,hat,ski,knitted,beanies,hat,cap,da,,
,,,,,,,,,,,,,,,,
fashion,new,french,style,wer,lady,warm,knitting,hat,ski,knitted,beanies,hat,cap,,,
,,,,,,,,,,,,,,,,
rapid,dominance,embroidered,itary,law,beanies,,,,,,,,,,,
,,,,,,,,,,,,,,,,
gud,look,len,beanies,cap,muffler,,,,,,,,,,,
,,,,,,,,,,,,,,,,
pinkxeniewborn,lightpink,rosette,shabby,flower,beanies,lace,bowknot,sp,cap,,,,,,,
,,,,,,,,,,,,,,,,
gud,look,len,beanies,cap,,,,,,,,,,,,
,,,,,,,,,,,,,,,,
gud,look,len,beanies,cap,muffler,,,,,,,,,,,
,,,,,,,,,,,,,,,,
gud,look,len,beanies,cap,muffler,,,,,,,,,,,
,,,,,,,,,,,,,,,,
12257,0,beanies,da,gray,,,,,,,,,,,,
