Rk,Player,Tm,2014-15,2015-16,2016-17,2017-18,2018-19,2019-20,Signed Using,Guaranteed,Birthplace,HomeTown,HighSchool,College,Past Pro,Past Pro 2,Twitter_id,Twitter_username,Twitter_followers,Twitter_friends
358,Aaron Brooks,CHI,$1145685,,,,,,Minimum Salary,$1145685,,,,,,,,,,
519,Aaron Craft,GSW,$35000,,,,,,,$35000,,,,,,,,,,
181,Aaron Gordon,ORL,$3992040,$4171680,$4351320,$5504420,,,1st Round Pick,$8163720,,,,,,,,,,
348,Aaron Gray,DET,$1227985,$1356146,,,,,,$1227985,,,,,,,,,,
295,Adreian Payne,ATL,$1855320,$1938840,$2022240,$3100094,,,1st Round Pick,$3794160,,,,,,,,,,
488,Akil Mitchell,HOU,$150000,,,,,,,$150000,,,,,,,,,,
188,Al Harrington,ORL,$3805000,,,,,,,$3805000,,,,,,,,,,
48,Al Horford,ATL,$12000000,$12000000,,,,,Bird Rights,$24000000,,,,,,,,,,
33,Al Jefferson,CHO,$13666667,$13833333,,,,,Cap Space,$13666667,,,,,,,,,,
367,Al-Farouq Aminu,DAL,$1100602,,,,,,Minimum Salary,$981084,,,,,,,,,,
342,Alan Anderson,BRK,$1276061,$1333484,,,,,Non Bird rights,$1276061,,,,,,,,,,
224,Alec Burks,UTA,$3034356,$9213484,$9904495,$10595506,$11286515,,1st Round Pick,$44034356,,,,,,,,,,
506,Alex Kirk,NYK,$65000,,,,,,,$65000,,,,,,,,,,
195,Alex Len,PHO,$3649920,$3807120,$4823621,,,,1st Round Pick,$7457040,,,,,,,,,,
210,Alexey Shved,HOU,$3282056,,,,,,Cap Space,$3282056,,,,,,,,,,
380,Alexis Ajinca,NOP,$981084,,,,,,Minimum Salary,$981084,,,,,,,,,,
422,Allen Crabbe,POR,$862000,$947276,,,,,Cap Space,$862000,,,,,,,,,,
409,Alonzo Gee,DEN,$1063384,,,,,,Minimum Salary,,,,,,,,,,,
2,Amar'e Stoudemire,NYK,$23410988,,,,,,Bird Rights,$23410988,,,,,,,,,,
102,Amir Johnson,TOR,$7000000,,,,,,Bird Rights,$5000000,,,,,,,,,,
63,Anderson Varejao,CLE,$9704595,$9638554,$10361446,$10000000,,,Bird Rights,$34000000,,,,,,,,,,
78,Andray Blatche,WAS,$8471339,,,,,,,,,,,,,,,,,
523,Andre Dawkins,BOS,$29843,,,,,,Minimum Salary,$29843,,,,,,,,,,
250,Andre Drummond,DET,$2568360,$3272091,,,,,1st Round Pick,$2568360,,,,,,,,,,
41,Andre Iguodala,GSW,$12289544,$11710456,$11131368,,,,Bird Rights,$35131368,,,,,,,,,,
163,Andre Miller,WAS,$4625000,,,,,,Bird Rights,$2000000,,,,,,,,,,
354,Andre Roberson,OKC,$1160880,$1210800,$2183072,,,,1st Round Pick,$2371680,,,,,,,,,,
51,Andrea Bargnani,NYK,$11500000,,,,,,Bird Rights,$11500000,,,,,,,,,,
206,Andrei Kirilenko,PHI,$3326235,,,,,,Mini MLE,$3326235,,,,,,,,,,
36,Andrew Bogut,GSW,$12972973,$12000000,$11027027,,,,Bird Rights,$36000000,,,,,,,,,,
311,Andrew Nicholson,ORL,$1545840,$2380594,,,,,1st Round Pick,$3926434,,,,,,,,,,
133,Andrew Wiggins,MIN,$5510640,$5758680,$6006600,$7574322,,,1st Round Pick,$11269320,,,,,,,,,,
132,Anthony Bennett,MIN,$5563920,$5803560,$7318289,,,,1st Round Pick,$11367480,,,,,,,,,,
131,Anthony Davis,NOP,$5607240,$7070730,,,,,1st Round Pick,$5607240,,,,,,,,,,
217,Anthony Morrow,OKC,$3200000,$3344000,$3488000,,,,Cap Space,$6544000,,,,,,,,,,
297,Anthony Randolph,ORL,$1825359,,,,,,,$1825359,,,,,,,,,,
231,Anthony Tolliver,DET,$3000000,$3000000,,,,,Cap Space,$3400000,,,,,,,,,,
364,Archie Goodwin,PHO,$1112280,$1160160,$2094089,,,,,$2272420,,,,,,,,,,
359,Arnett Moultrie,NYK,$1136160,,,,,,,$1136160,,,,,,,,,,
273,Aron Baynes,SAS,$2077000,,,,,,MLE,$2077000,,,,,,,,,,
91,Arron Afflalo,DEN,$7750000,$7937500,,,,,Bird Rights,$7312500,,,,,,,,,,
372,Austin Daye,SAS,$1063384,,,,,,,$1063384,,,,,,,,,,
255,Austin Rivers,LAC,$2439840,$3110796,,,,,1st Round Pick,$2439840,,,,,,,,,,
98,Avery Bradley,BOS,$7191011,$7730337,$8269663,$8808989,,,Bird Rights,$32000000,,,,,,,,,,
165,Ben Gordon,ORL,$4500000,$4500000,,,,,Cap Space,$4500000,,,,,,,,,,
225,Ben McLemore,SAC,$3026280,$3156600,$4008882,,,,1st Round Pick,$6182880,,,,,,,,,,
277,Beno Udrih,MEM,$2077000,$2170465,,,,,BAE,$2077000,,,,,,,,,,
410,Bernard James,DAL,$915243,,,,,,,$915243,,,,,,,,,,
185,Bismack Biyombo,CHO,$3873398,,,,,,1st Round Pick,$3873398,,,,,,,,,,
14,Blake Griffin,LAC,$17674612,$18907725,$20140838,$21373950,,,Bird Rights,$78097125,,,,,,,,,,
212,Bojan Bogdanovic,BRK,$3278000,$3425510,$3573020,,,,MLE,$10276530,,,,,,,,,,
93,Boris Diaw,SAS,$7500000,$7000000,$6500000,$7000000,,,Bird Rights,$17500000,,,,,,,,,,
164,Bradley Beal,WAS,$4505280,$5694674,,,,,1st Round Pick,$10199954,,,,,,,,,,
151,Brandan Wright,PHO,$5000000,,,,,,Early Bird Rights,$5000000,,,,,,,,,,
105,Brandon Bass,BOS,$6900000,,,,,,Bird Rights,$6900000,,,,,,,,,,
85,Brandon Jennings,DET,$8000000,$8344497,,,,,Bird Rights,$16344497,,,,,,,,,,
197,Brandon Knight,MIL,$3553917,,,,,,1st Round Pick,$3553917,,,,,,,,,,
10,Brandon Roy,POR,$19317326,,,,,,,,,,,,,,,,,
356,Brandon Rush,GSW,$1145685,$1270964,,,,,Minimum Salary,$1145685,,,,,,,,,,
90,Brendan Haywood,DAL,$7798000,,,,,,,,,,,,,,,,,
265,Brendan Haywood,CLE,$2213688,$10522500,,,,,Cap Space,$2213688,,,,,,,,,,
247,Brian Roberts,CHO,$2732000,$2854940,,,,,Room Exception,$5586940,,,,,,,,,,
19,Brook Lopez,BRK,$15719063,$16744219,,,,,Bird Rights,$15719063,,,,,,,,,,
318,Bruno Caboclo,TOR,$1458360,$1524000,$1589640,$2451225,,,1st Round Pick,$2982360,,,,,,,,,,
512,Bryce Cotton,SAS,$50000,,,,,,,$50000,,,,,,,,,,
257,C.J. McCollum,POR,$2421000,$2525160,$3219579,,,,1st Round Pick,$4946160,,,,,,,,,,
173,C.J. Miles,IND,$4205000,$4394225,$4583450,$4772675,,,MLE,$13182675,,,,,,,,,,
270,C.J. Watson,IND,$2106720,,,,,,BAE,$2106720,,,,,,,,,,
365,C.J. Wilcox,LAC,$1109760,$1159680,$1209680,$2183328,,,1st Round Pick,$2269440,,,,,,,,,,
470,Cameron Bairstow,CHI,$507336,$845059,$980431,,,,Cap Space,$932336,,,,,,,,,,
115,Carl Landry,SAC,$6500000,$6500000,$6500000,,,,Cap Space,$19500000,,,,,,,,,,
34,Carlos Boozer,CHI,$13550000,,,,,,,,,,,,,,,,,
215,Carlos Boozer,LAL,$3250000,,,,,,,$3250000,,,,,,,,,,
450,Carlos Delfino,LAC,$650000,$650000,$650000,$650000,$650000,,,,,,,,,,,,,
4,Carmelo Anthony,NYK,$22458000,$22875000,$24559380,$26243760,$27928140,,Bird Rights,$96136140,,,,,,,,,,
167,Caron Butler,DET,$4500000,$4500000,,,,,,$4500000,,,,,,,,,,
424,Carrick Felix,UTA,$816482,,,,,,,$816482,,,,,,,,,,
357,Cartier Martin,DET,$1145685,$1270964,,,,,Minimum Salary,$1145685,,,,,,,,,,
29,Chandler Parsons,DAL,$14700000,$15361500,$16023000,,,,Cap Space,$30061500,,,,,,,,,,
82,Channing Frye,ORL,$8175476,$7807579,$7456238,,,,Cap Space,$32000000,,,,,,,,,,
411,Charlie Villanueva,DAL,$1316809,,,,,,Minimum Salary,,,,,,,,,,,
152,Chase Budinger,MIN,$5000000,$5000000,,,,,Bird Rights,$5000000,,,,,,,,,,
140,Chris Andersen,MIA,$5375000,$5000000,,,,,Cap Space,$10375000,,,,,,,,,,
6,Chris Bosh,MIA,$20644400,$22192730,$23741060,$25289390,$26837720,,Bird Rights,$118705300,,,,,,,,,,
220,Chris Copeland,IND,$3135000,,,,,,MLE,$3135000,,,,,,,,,,
416,Chris Douglas-Roberts,BOS,$915243,,,,,,,$915243,,,,,,,,,,
511,Chris Johnson,UTA,$53838,,,,,,Minimum Salary,$53838,,,,,,,,,,
158,Chris Kaman,POR,$4800000,$5000000,,,,,MLE,$5800000,,,,,,,,,,
8,Chris Paul,LAC,$20068563,$21468696,$22868828,$24268960,,,Bird Rights,$64406087,,,,,,,,,,
126,Chuck Hayes,TOR,$5958750,,,,,,Cap Space,$5958750,,,,,,,,,,
459,Cleanthony Early,NYK,$507336,$845059,,,,,Minimum Salary,$1352395,,,,,,,,,,
352,Clint Capela,HOU,$1189200,$1242720,$1296240,$2334520,,,1st Round Pick,$2431920,,,,,,,,,,
176,Cody Zeller,CHO,$4030560,$4204200,$5318313,,,,1st Round Pick,$8234760,,,,,,,,,,
401,Cole Aldrich,NYK,$981084,,,,,,Minimum Salary,$915243,,,,,,,,,,
161,Corey Brewer,HOU,$4702500,$4905000,,,,,Cap Space,$4702500,,,,,,,,,,
471,Cory Jefferson,BRK,$507336,$845059,,,,,Minimum Salary,$75000,,,,,,,,,,
283,Cory Joseph,SAS,$2023261,,,,,,1st Round Pick,$2023261,,,,,,,,,,
136,Courtney Lee,MEM,$5450000,$5675000,,,,,Bird Rights,$11125000,,,,,,,,,,
232,D.J. Augustin,DET,$3000000,$3000000,,,,,,$6000000,,,,,,,,,,
484,Dahntay Jones,LAC,$170410,,,,,,Minimum Salary,$170410,,,,,,,,,,
203,Damian Lillard,POR,$3340920,$4236287,,,,,1st Round Pick,$7577207,,,,,,,,,,
423,Damien Inglis,MIL,$820000,$855000,$980431,,,,Cap Space,$1675000,,,,,,,,,,
368,Damjan Rudez,IND,$1100000,$1149500,$1199000,,,,MLE,$2249500,,,,,,,,,,
55,Danilo Gallinari,DEN,$10854850,$11559225,,,,,Bird Rights,$22414075,,,,,,,,,,
276,Danny Granger,MIA,$2077000,$2170465,,,,,BAE,$2077000,,,,,,,,,,
177,Danny Green,SAS,$4025000,,,,,,Early Bird,$4025000,,,,,,,,,,
447,Dante Cunningham,NOP,$716043,,,,,,,,,,,,,,,,,
196,Dante Exum,UTA,$3615000,$3777720,$3940320,$4992385,,,1st Round Pick,$7392720,,,,,,,,,,
477,Darius Miller,NOP,$400000,,,,,,,$400000,,,,,,,,,,
448,Darius Morris,BRK,$702756,,,,,,Minimum Salary,,,,,,,,,,,
199,Darrell Arthur,DEN,$3457149,,,,,,Bird Rights,$3457149,,,,,,,,,,
160,Darren Collison,SAC,$4797664,$5013559,$5229454,,,,MLE,$15040677,,,,,,,,,,
22,David Lee,GSW,$15012000,$15493680,,,,,Bird Rights,$30505680,,,,,,,,,,
46,David West,IND,$12000000,$12000000,,,,,Early Bird Rights,$12000000,,,,,,,,,,
52,DeAndre Jordan,LAC,$11440124,,,,,,Bird Rights,$11440124,,,,,,,,,,
503,Dee Bost,UTA,$65000,,,,,,,$65000,,,,,,,,,,
285,DeJuan Blair,WAS,$2000000,$2000000,$2000000,,,,Bird Rights,$4000000,,,,,,,,,,
66,DeMar DeRozan,TOR,$9500000,$9500000,$9500000,,,,Bird Rights,$19000000,,,,,,,,,,
32,DeMarcus Cousins,SAC,$13701250,$14728844,$15756438,$16784031,,,1st Round Pick,$60970563,,,,,,,,,,
254,DeMarre Carroll,ATL,$2442455,,,,,,Cap Space,$2442455,,,,,,,,,,
304,Dennis Schroder,ATL,$1690680,$1763400,$2708582,,,,1st Round Pick,$3454080,,,,,,,,,,
9,Deron Williams,BRK,$19754465,$21042800,$22331135,,,,Bird Rights,$40797265,,,,,,,,,,
38,Derrick Favors,UTA,$12833333,$11933333,$10983333,$11933333,,,1st Round Pick,$46950000,,,,,,,,,,
13,Derrick Rose,CHI,$18862875,$20093063,$21323250,,,,Bird Rights,$60279188,,,,,,,,,,
117,Derrick Williams,SAC,$6331404,,,,,,1st Round Pick,$6331404,,,,,,,,,,
184,Devin Harris,DAL,$3878000,$4053000,$4228000,$4403000,,,,$16562000,,,,,,,,,,
419,Devyn Marble,ORL,$884879,$845059,$980431,,,,Cap Space,$884879,,,,,,,,,,
429,Dewayne Dedmon,ORL,$816482,$947278,,,,,Minimum Salary,,,,,,,,,,,
395,Diante Garrett,POR,$915243,$981348,,,,,,$30000,,,,,,,,,,
175,Dion Waiters,OKC,$4062000,$5138430,,,,,1st Round Pick,$4062000,,,,,,,,,,
88,Dirk Nowitzki,DAL,$7974482,$8333334,$8692184,,,,Cap Space,$16307816,,,,,,,,,,
390,Donald Sloan,IND,$948163,,,,,,Minimum Salary,,,,,,,,,,,
316,Donatas Motiejunas,HOU,$1483920,$2288205,,,,,1st Round Pick,$3772125,,,,,,,,,,
218,Dorell Wright,POR,$3150000,,,,,,Cap Space,$3150000,,,,,,,,,,
262,Doug McDermott,CHI,$2277960,$2380440,$2483040,$3294994,,,1st Round Pick,$4658400,,,,,,,,,,
408,Draymond Green,GSW,$915243,,,,,,MLE,$250000,,,,,,,,,,
500,Drew Crawford,ORL,$75000,,,,,,,$75000,,,,,,,,,,
108,Drew Gooden,MIL,$6680000,,,,,,,,,,,,,,,,,
328,Drew Gooden,WAS,$1448000,,,,,,Minimum Salary,$1448000,,,,,,,,,,
516,Drew Gordon,PHI,$40000,,,,,,,$40000,,,,,,,,,,
5,Dwight Howard,HOU,$21436271,$22359364,$23282457,,,,Cap Space,$43795635,,,,,,,,,,
469,Dwight Powell,DAL,$507336,$845059,,,,,Minimum Salary,$507336,,,,,,,,,,
23,Dwyane Wade,MIA,$15000000,$16125000,,,,,Bird Rights,,,,,,,,,,,
393,E'Twaun Moore,CHI,$948163,$1015421,,,,,Minimum Salary,$425000,,,,,,,,,,
382,Ed Davis,LAL,$981084,$1063384,,,,,Minimum Salary,$981084,,,,,,,,,,
384,Ekpe Udoh,LAC,$981084,,,,,,Minimum Salary,$981084,,,,,,,,,,
258,Elfrid Payton,ORL,$2397840,$2505720,$2613600,$3332340,,,1st Round Pick,$4903560,,,,,,,,,,
482,Elijah Millsap,UTA,$241731,$845059,$980431,,,,Minimum Salary,$59686,,,,,,,,,,
510,Elliot Williams,UTA,$53838,,,,,,,$53838,,,,,,,,,,
287,Elton Brand,ATL,$2000000,,,,,,Cap Space,$2000000,,,,,,,,,,
130,Enes Kanter,UTA,$5694674,,,,,,1st Round Pick,$5694674,,,,,,,,,,
43,Eric Bledsoe,PHO,$12173913,$13086957,$14000001,$14913045,$15826089,,Bird Rights,$70000000,,,,,,,,,,
24,Eric Gordon,NOP,$14898938,$15514031,,,,,Bird Rights,$14898938,,,,,,,,,,
491,Eric Griffin,DAL,$150000,,,,,,,$150000,,,,,,,,,,
269,Eric Maynor,PHI,$2106720,,,,,,,$2106720,,,,,,,,,,
456,Eric Moreland,SAC,$507336,$845059,$980431,,,,,$200000,,,,,,,,,,
468,Erick Green,DEN,$507336,$845059,$980431,,,,Minimum Salary,$50000,,,,,,,,,,
495,Erik Murphy,BOS,$100000,,,,,,,$100000,,,,,,,,,,
89,Ersan Ilyasova,MIL,$7900000,$7900000,$8400000,,,,Bird Rights,$16200000,,,,,,,,,,
315,Evan Fournier,ORL,$1483920,$2288205,,,,,1st Round Pick,$3772125,,,,,,,,,,
213,Evan Turner,BOS,$3278000,$3425510,,,,,MLE,$6703510,,,,,,,,,,
473,Fab Melo,MEM,$437080,$437080,,,,,,$874160,,,,,,,,,,
363,Festus Ezeli,GSW,$1112880,$2008748,,,,,,$3121628,,,,,,,,,,
337,Francisco Garcia,HOU,$1316809,,,,,,,$1316809,,,,,,,,,,
228,Furkan Aldemir,PHI,$3000000,,,,,,Minimum Salary,,,,,,,,,,,
438,Gal Mekel,DAL,$816482,$947276,,,,,,$1763758,,,,,,,,,,
453,Gal Mekel,NOP,$633974,,,,,,,,,,,,,,,,,
377,Garrett Temple,WAS,$981084,$1100602,,,,,Minimum Salary,$981084,,,,,,,,,,
313,Gary Harris,DEN,$1519200,$1587480,$1655880,$2550055,,,1st Round Pick,$3106680,,,,,,,,,,
216,Gary Neal,CHO,$3250000,,,,,,Cap Space,$3250000,,,,,,,,,,
84,George Hill,IND,$8000000,$8000000,$8000000,,,,Bird Rights,$24000000,,,,,,,,,,
198,Gerald Green,PHO,$3500000,,,,,,Cap Space,$3500000,,,,,,,,,,
125,Gerald Henderson,CHO,$6000000,$6000000,,,,,Bird Rights,$6000000,,,,,,,,,,
59,Gerald Wallace,BOS,$10105855,$10105855,,,,,Bird Rights,$20211710,,,,,,,,,,
294,Giannis Antetokounmpo,MIL,$1873200,$1953960,$2995421,,,,1st Round Pick,$3827160,,,,,,,,,,
110,Glen Davis,ORL,$6600000,,,,,,,$6600000,,,,,,,,,,
405,Glen Davis,LAC,$1227985,,,,,,Minimum Salary,$1227985,,,,,,,,,,
475,Glen Rice,WAS,$400000,,,,,,,$400000,,,,,,,,,,
461,Glenn Robinson,MIN,$507336,,,,,,Minimum Salary,$250000,,,,,,,,,,
94,Goran Dragic,PHO,$7500000,$7500000,,,,,Cap Space,$7500000,,,,,,,,,,
27,Gordon Hayward,UTA,$14746000,$15409570,$16073140,$16736710,,,Bird Rights,$46228710,,,,,,,,,,
330,Gorgui Dieng,MIN,$1413480,$1474440,$2348783,,,,1st Round Pick,$2887920,,,,,,,,,,
443,Grant Jerrett,OKC,$816481,$947276,$1015696,$1087745,,,Non Bird Rights,$1763757,,,,,,,,,,
134,Greg Monroe,DET,$5479934,,,,,,,$5479934,,,,,,,,,,
392,Greg Smith,DAL,$948163,,,,,,Minimum Salary,$948163,,,,,,,,,,
378,Greg Stiemsma,TOR,$981084,,,,,,Minimum Salary,$25000,,,,,,,,,,
116,Greivis Vasquez,TOR,$6400000,$6600000,,,,,Bird Rights,$13000000,,,,,,,,,,
223,Harrison Barnes,GSW,$3049920,$3873398,,,,,1st Round Pick,$6923318,,,,,,,,,,
445,Hassan Whiteside,MIA,$769881,,,,,,Minimum Salary,$769881,,,,,,,,,,
322,Hedo Turkoglu,LAC,$1448490,,,,,,Minimum Salary,$1448490,,,,,,,,,,
397,Henry Sims,PHI,$915243,,,,,,Minimum Salary,,,,,,,,,,,
428,Hollis Thompson,PHI,$816482,$947276,$1015696,,,,Cap Space,,,,,,,,,,,
425,Ian Clark,UTA,$816482,,,,,,Minimum Salary,,,,,,,,,,,
179,Ian Mahinmi,IND,$4000000,$4000000,,,,,Early Bird Rights,$8000000,,,,,,,,,,
249,Iman Shumpert,CLE,$2616975,,,,,,1st Round Pick,$2616975,,,,,,,,,,
435,Isaiah Canaan,HOU,$816482,$947276,,,,,Cap Space,$1574303,,,,,,,,,,
97,Isaiah Thomas,PHO,$7238606,$6912869,$6587132,$6261395,,,,$27000002,,,,,,,,,,
379,Ish Smith,OKC,$981084,,,,,,Minimum Salary,,,,,,,,,,,
385,Ish Smith,HOU,$981084,,,,,,,$981084,,,,,,,,,,
527,Ivan Johnson,DAL,$25000,,,,,,,$25000,,,,,,,,,,
139,J.J. Hickson,DEN,$5381750,$5613500,,,,,MLE,$10995250,,,,,,,,,,
112,J.J. Redick,LAC,$6583500,$6867000,$7150500,,,,Bird Rights,$20601000,,,,,,,,,,
114,J.R. Smith,CLE,$6516000,$6399750,,,,,Early Bird Rights,$6516000,,,,,,,,,,
155,Jabari Parker,MIL,$4930560,$5152440,$5374320,$6782392,,,1st Round Pick,$10083000,,,,,,,,,,
504,Jack Cooley,UTA,$65000,,,,,,,$65000,,,,,,,,,,
505,Jack Cooley,UTA,$65000,,,,,,,$65000,,,,,,,,,,
417,Jae Crowder,BOS,$915243,,,,,,Cap Space,$915243,,,,,,,,,,
457,JaKarr Sampson,PHI,$507336,$845059,$980431,$1051245,,,Cap Space,,,,,,,,,,,
485,Jamaal Franklin,MEM,$163296,$163296,$163296,$163296,$163296,,,$816482,,,,,,,,,,
137,Jamal Crawford,LAC,$5450000,$5675000,,,,,MLE,$3000000,,,,,,,,,,
245,Jameer Nelson,DEN,$2732000,$2854940,,,,,Room Exception,$2732000,,,,,,,,,,
462,James Ennis,MIA,$507336,$845059,$980431,,,,Cap Space,$1352395,,,,,,,,,,
28,James Harden,HOU,$14728844,$15756438,$16784031,$17811625,,,Bird Rights,$56175126,,,,,,,,,,
253,James Johnson,TOR,$2500000,$2500000,,,,,Cap Space,$5000000,,,,,,,,,,
325,James Jones,CLE,$1448490,,,,,,Minimum Salary,$1448490,,,,,,,,,,
522,James Michael McAdoo,GSW,$29843,,,,,,,$29843,,,,,,,,,,
305,James Young,BOS,$1674480,$1749840,$1825200,$2803507,,,1st Round Pick,$3424320,,,,,,,,,,
521,JaMychal Green,SAS,$29843,,,,,,,$29843,,,,,,,,,,
326,Jannero Pargo,CHO,$1448490,,,,,,Minimum Salary,$1448490,,,,,,,,,,
172,Jared Dudley,MIL,$4250000,$4250000,,,,,Bird Rights,$4250000,,,,,,,,,,
329,Jared Sullinger,BOS,$1424520,$2269260,,,,,1st Round Pick,$3693780,,,,,,,,,,
446,Jarnell Stokes,MEM,$725000,$845059,$980431,,,,,$1570059,,,,,,,,,,
118,Jarrett Jack,BRK,$6300000,$6300000,$6300000,,,,Cap Space,$13100000,,,,,,,,,,
499,Jarvis Varnado,PHI,$75000,,,,,,,$75000,,,,,,,,,,
414,Jason Maxiell,CHO,$1316809,,,,,,Minimum Salary,,,,,,,,,,,
109,Jason Richardson,PHI,$6601125,,,,,,Bird Rights,$6601125,,,,,,,,,,
211,Jason Smith,NYK,$3278000,,,,,,Mini MLE,$3278000,,,,,,,,,,
127,Jason Terry,HOU,$5850313,,,,,,MLE,$5850313,,,,,,,,,,
123,Jason Thompson,SAC,$6037500,$6431250,$6825000,,,,Bird Rights,$15118750,,,,,,,,,,
53,JaVale McGee,DEN,$11250000,$12000000,,,,,Bird Rights,$2325000,,,,,,,,,,
406,Jeff Adrien,HOU,$981084,,,,,,,$981084,,,,,,,,,,
296,Jeff Ayres,SAS,$1828750,,,,,,MLE,$1828750,,,,,,,,,,
68,Jeff Green,MEM,$9445000,$9445000,,,,,Bird Rights,$9200000,,,,,,,,,,
87,Jeff Teague,ATL,$8000000,$8000000,$8000000,,,,Bird Rights,$24000000,,,,,,,,,,
430,Jeff Withey,NOP,$816482,,,,,,Minimum Salary,$816482,,,,,,,,,,
413,Jeffery Taylor,CHO,$915243,,,,,,Minimum Salary,,,,,,,,,,,
418,Jerami Grant,PHI,$884879,$845059,$980431,$1051245,,,Draft Pick,$1729938,,,,,,,,,,
298,Jeremy Evans,UTA,$1794871,,,,,,Early Bird Rights,$1794871,,,,,,,,,,
267,Jeremy Lamb,OKC,$2202000,$3034356,,,,,1st Round Pick,$5236356,,,,,,,,,,
80,Jeremy Lin,LAL,$8374646,,,,,,Cap Space,$8374646,,,,,,,,,,
415,Jerome Jordan,BRK,$915243,,,,,,Minimum Salary,,,,,,,,,,,
520,Jerrelle Benimon,DEN,$35000,,,,,,,$35000,,,,,,,,,,
229,Jerryd Bayless,MIL,$3000000,$3000000,,,,,Cap Space,$6000000,,,,,,,,,,
388,Jimmer Fredette,NOP,$948163,,,,,,Minimum Salary,$948163,,,,,,,,,,
284,Jimmy Butler,CHI,$2008748,,,,,,1st Round Pick,$2008748,,,,,,,,,,
42,Joakim Noah,CHI,$12200000,$13400000,,,,,Bird Rights,$25600000,,,,,,,,,,
124,Jodie Meeks,DET,$6000000,$6270000,$6540000,,,,Cap Space,$18800000,,,,,,,,,,
420,Joe Harris,CLE,$884879,$845059,$980439,,,,,$1729938,,,,,,,,,,
455,Joe Ingles,UTA,$507336,,,,,,Minimum Salary,,,,,,,,,,,
3,Joe Johnson,BRK,$23180790,$24894863,,,,,Bird Rights,$48075653,,,,,,,,,,
189,Joel Anthony,DET,$3800000,,,,,,Bird Rights,$3800000,,,,,,,,,,
169,Joel Embiid,PHI,$4427640,$4626960,$4826160,$6100266,,,1st Round Pick,$9054600,,,,,,,,,,
226,Joel Freeland,POR,$3013512,,,,,,Cap Space,$2567512,,,,,,,,,,
391,Joey Dorsey,HOU,$948163,$1015421,,,,,Minimum Salary,$1963584,,,,,,,,,,
289,John Henson,MIL,$1987320,$2943221,,,,,1st Round Pick,$4930541,,,,,,,,,,
338,John Jenkins,ATL,$1312920,$2228025,,,,,1st Round Pick,$1312920,,,,,,,,,,
286,John Salmons,NOP,$2000000,,,,,,Room Exception,$2000000,,,,,,,,,,
376,John Salmons,ATL,$1000000,,,,,,,$1000000,,,,,,,,,,
26,John Wall,WAS,$14746000,$15851950,$16957900,$18063850,$19169800,,1st Round Pick,$78782188,,,,,,,,,,
454,Johnny O'Bryant,MIL,$600000,$845059,$980431,,,,Cap Space,$1445059,,,,,,,,,,
386,Jon Leuer,MEM,$967500,$1035000,,,,,Early Bird Rights,$967500,,,,,,,,,,
166,Jonas Jerebko,DET,$4500000,,,,,,Early Bird Rights,$4500000,,,,,,,,,,
192,Jonas Valanciunas,TOR,$3678360,$4660482,,,,,1st Round Pick,$8338842,,,,,,,,,,
334,Jordan Adams,MEM,$1344120,$1404600,$1465080,$2410057,,,1st Round Pick,$2748720,,,,,,,,,,
465,Jordan Clarkson,LAL,$507336,$845059,,,,,Minimum Salary,$507336,,,,,,,,,,
278,Jordan Farmar,LAC,$2077000,,,,,,,$2077000,,,,,,,,,,
525,Jordan Hamilton,UTA,$25000,,,,,,,$25000,,,,,,,,,,
72,Jordan Hill,LAL,$9000000,$9000000,,,,,Cap Space,$9000000,,,,,,,,,,
524,Jordan Vandenberg,NYK,$27000,,,,,,,$27000,,,,,,,,,,
515,Jorge Gutierrez,MIL,$48028,,,,,,Minimum Salary,$48028,,,,,,,,,,
339,Jose Barea,DAL,$1310286,,,,,,Minimum Salary,$1310286,,,,,,,,,,
100,Jose Calderon,NYK,$7097191,$7402812,$7708427,,,,Cap Space,$22208430,,,,,,,,,,
95,Josh Childress,PHO,$7317500,,,,,,,,,,,,,,,,,
528,Josh Davis,SAS,$20000,,,,,,,$20000,,,,,,,,,,
142,Josh McRoberts,MIA,$5305000,$5543725,$5782450,$6021175,,,MLE,$16631175,,,,,,,,,,
31,Josh Smith,DET,$14000000,$14000000,$14000000,,,,,$42000000,,,,,,,,,,
279,Josh Smith,HOU,$2077000,,,,,,BAE,$2077000,,,,,,,,,,
61,Jrue Holiday,NOP,$9904495,$10595507,$11286518,,,,Bird Rights,$31786520,,,,,,,,,,
233,Julius Randle,LAL,$2997360,$3132240,$3267120,$4149242,,,1st Round Pick,$6129600,,,,,,,,,,
433,Justin Hamilton,MIA,$816482,,,,,,Minimum Salary,,,,,,,,,,,
437,Justin Holiday,GSW,$816482,,,,,,Minimum Salary,$35000,,,,,,,,,,
301,Jusuf Nurkic,DEN,$1762680,$1842000,$1921320,$2947305,,,1st Round Pick,$3604680,,,,,,,,,,
458,K.J. McDaniels,PHI,$507336,,,,,,Minimum Salary,,,,,,,,,,,
487,Kadeem Batts,ORL,$150000,,,,,,,$150000,,,,,,,,,,
237,Kawhi Leonard,SAS,$2894059,,,,,,1st Round Pick,$2894059,,,,,,,,,,
280,Kelly Olynyk,BOS,$2075760,$2165160,$3094014,,,,1st Round Pick,$4240920,,,,,,,,,,
214,Kemba Walker,CHO,$3272091,$12000000,$12000000,$12000000,$12000000,,1st Round Pick,$51272091,,,,,,,,,,
402,Kendall Marshall,MIL,$915243,,,,,,Minimum Salary,,,,,,,,,,,
65,Kendrick Perkins,OKC,$9654342,,,,,,Bird Rights,$9154342,,,,,,,,,,
263,Kenneth Faried,DEN,$2249768,$11235955,$12078652,$12921348,$13764045,,1st Round Pick,$52249768,,,,,,,,,,
288,Kent Bazemore,ATL,$2000000,$2000000,,,,,,$4000000,,,,,,,,,,
240,Kentavious Caldwell-Pope,DET,$2772480,$2891760,$3678319,,,,1st Round Pick,$2772480,,,,,,,,,,
474,Kenyon Martin,MIL,$414551,,,,,,Minimum Salary,$170410,,,,,,,,,,
12,Kevin Durant,OKC,$18995624,$20158622,,,,,Bird Rights,$39154246,,,,,,,,,,
47,Kevin Garnett,BRK,$12000000,,,,,,Bird Rights,$12000000,,,,,,,,,,
21,Kevin Love,CLE,$15719062,$16744218,,,,,Cap Space,$15719062,,,,,,,,,,
106,Kevin Martin,MIN,$6792500,$7085000,$7377500,,,,Bird Rights,$13877500,,,,,,,,,,
502,Kevin Murphy,UTA,$65000,,,,,,,$65000,,,,,,,,,,
183,Kevin Seraphin,WAS,$3898692,,,,,,1st Round Pick,$3898692,,,,,,,,,,
513,Khem Birch,MIA,$50000,,,,,,,$50000,,,,,,,,,,
403,Khris Middleton,MIL,$915243,,,,,,MLE,$915243,,,,,,,,,,
248,Kirk Hinrich,CHI,$2730000,$2870000,,,,,Room Exception,$2730000,,,,,,,,,,
222,Klay Thompson,GSW,$3075880,$15500000,$16662500,$17825500,$18987500,,1st Round Pick,$72051380,,,,,,,,,,
1,Kobe Bryant,LAL,$23500000,$25000000,,,,,Bird Rights,$48500000,,,,,,,,,,
230,Kosta Koufos,MEM,$3000000,,,,,,Bird Rights,$3000000,,,,,,,,,,
159,Kostas Papanikolaou,HOU,$4800000,$4600000,,,,,MLE,$4800000,,,,,,,,,,
171,Kris Humphries,WAS,$4300000,$4600000,$4600000,,,,Bird Rights,$13500000,,,,,,,,,,
369,Kyle Anderson,SAS,$1093680,$1142879,$1192080,$2151704,,,,$2236559,,,,,,,,,,
119,Kyle Korver,ATL,$6253521,$5746479,$5239437,,,,Bird Rights,$17239437,,,,,,,,,,
45,Kyle Lowry,TOR,$12000000,$12000000,$12000000,$12000000,,,Bird Rights,$36000000,,,,,,,,,,
398,Kyle O'Quinn,ORL,$915243,,,,,,MLE,,,,,,,,,,,
370,Kyle Singler,DET,$1090000,,,,,,MLE,$1090000,,,,,,,,,,
101,Kyrie Irving,CLE,$7070730,$14746000,$15851950,$16957900,$18063850,,Early Bird Rights,$72690430,,,,,,,,,,
16,LaMarcus Aldridge,POR,$16006000,,,,,,Bird Rights,$15256000,,,,,,,,,,
73,Lance Stephenson,CHO,$9000000,$9000000,$9400000,,,,Cap Space,$18000000,,,,,,,,,,
387,Lance Thomas,NYK,$948163,,,,,,,,,,,,,,,,,
509,Lance Thomas,NYK,$57711,,,,,,Minimum Salary,$57711,,,,,,,,,,
120,Landry Fields,TOR,$6250000,,,,,,Cap Space,$6250000,,,,,,,,,,
483,Langston Galloway,NYK,$235762,$845059,,,,,Minimum Salary,$235762,,,,,,,,,,
508,Larry Drew,PHI,$59686,,,,,,Minimum Salary,$59686,,,,,,,,,,
54,Larry Sanders,MIL,$11000000,$11000000,$11000000,$11000000,,,1st Round Pick,$44000000,,,,,,,,,,
389,Lavoy Allen,IND,$948163,,,,,,Minimum Salary,$948163,,,,,,,,,,
323,Leandro Barbosa,GSW,$1448490,,,,,,Minimum Salary,$150000,,,,,,,,,,
7,LeBron James,CLE,$20644400,$21573398,,,,,Cap Space,$20644400,,,,,,,,,,
514,Lorenzo Brown,MIN,$48028,,,,,,Minimum Salary,$48028,,,,,,,,,,
486,Louis Amundson,NYK,$154152,,,,,,Minimum Salary,$154152,,,,,,,,,,
135,Louis Williams,TOR,$5450000,,,,,,MLE,$5450000,,,,,,,,,,
170,Luc Mbah a Moute,PHI,$4382576,,,,,,Bird Rights,$4382576,,,,,,,,,,
300,Lucas Nogueira,TOR,$1762680,$1842000,$1921320,$2947305,,,1st Round Pick,$3604680,,,,,,,,,,
302,Luigi Datome,DET,$1750000,,,,,,Cap Space,$1750000,,,,,,,,,,
113,Luis Scola,HOU,$6541000,,,,,,,,,,,,,,,,,
121,Luis Scola,HOU,$6172538,,,,,,,,,,,,,,,,,
156,Luis Scola,IND,$4868499,,,,,,Cap Space,$940946,,,,,,,,,,
381,Luke Babbitt,NOP,$981084,,,,,,Minimum Salary,$100000,,,,,,,,,,
242,Luke Ridnour,ORL,$2750000,,,,,,Cap Space,$2750000,,,,,,,,,,
62,Luol Deng,MIA,$9714461,$10151612,,,,,Cap Space,$9714461,,,,,,,,,,
452,Malcolm Thomas,PHI,$635827,,,,,,Minimum Salary,$474000,,,,,,,,,,
103,Manu Ginobili,SAS,$7000000,,,,,,Bird Rights,$7000000,,,,,,,,,,
18,Marc Gasol,MEM,$15829688,,,,,,Bird Rights,$15829688,,,,,,,,,,
58,Marcin Gortat,WAS,$10434782,$11217391,$12000000,$12782609,$13565218,,Bird Rights,$60000000,,,,,,,,,,
238,Marco Belinelli,SAS,$2873750,,,,,,MLE,$2873750,,,,,,,,,,
451,Marcus Camby,TOR,$646609,,,,,,,$646609,,,,,,,,,,
235,Marcus Morris,PHO,$2943221,$5000000,$5000000,$5000000,$5000000,,Bird Rights,$22943221,,,,,,,,,,
209,Marcus Smart,BOS,$3283320,$3431040,$3578880,$4538020,,,1st Round Pick,$6669360,,,,,,,,,,
76,Marcus Thornton,BOS,$8575000,,,,,,Cap Space,$8575000,,,,,,,,,,
178,Mario Chalmers,MIA,$4000000,$4300000,,,,,Bird Rights,$8300000,,,,,,,,,,
472,Markel Brown,BRK,$507336,$845059,,,,,Minimum Salary,$507336,,,,,,,,,,
234,Markieff Morris,PHO,$2989239,$8000000,$8000000,$8000000,$8000000,,Bird Rights,$34989239,,,,,,,,,,
362,Marquis Teague,PHI,$1120920,,,,,,,$1120920,,,,,,,,,,
194,Marreese Speights,GSW,$3657500,$3815000,,,,,MLE,$3657500,,,,,,,,,,
138,Martell Webster,WAS,$5381750,$5613500,$5845250,,,,MLE,$10995250,,,,,,,,,,
104,Marvin Williams,CHO,$7000000,$7000000,,,,,,$14000000,,,,,,,,,,
333,Mason Plumlee,BRK,$1357080,$1415520,$2328530,,,,1st Round Pick,$1357080,,,,,,,,,,
201,Matt Barnes,LAC,$3396250,$3542500,,,,,MLE,$3396250,,,,,,,,,,
320,Matt Bonner,SAS,$1448490,,,,,,Minimum Salary,$1448490,,,,,,,,,,
440,Matthew Dellavedova,CLE,$816482,,,,,,Minimum Salary,,,,,,,,,,,
293,Maurice Harkless,ORL,$1887840,$2894059,,,,,1st Round Pick,$4781899,,,,,,,,,,
260,Meyers Leonard,POR,$2317920,$3075880,,,,,1st Round Pick,$5393800,,,,,,,,,,
444,Michael Beasley,PHO,$777778,$777778,$777778,,,,,,,,,,,,,,,
261,Michael Carter-Williams,PHI,$2300040,$2399040,$3183526,,,,1st Round Pick,$4699080,,,,,,,,,,
149,Michael Kidd-Gilchrist,CHO,$5016960,$6331404,,,,,1st Round Pick,$11348364,,,,,,,,,,
74,Mike Conley,MEM,$8894216,$9588426,,,,,Cap Space,$18082642,,,,,,,,,,
207,Mike Dunleavy,CHI,$3326235,,,,,,Mini MLE,$3326235,,,,,,,,,,
111,Mike Miller,MIA,$6600000,,,,,,,,,,,,,,,,,
246,Mike Miller,CLE,$2732000,$2854940,,,,,MLE,$2732000,,,,,,,,,,
442,Mike Muscala,ATL,$816482,$947276,,,,,Minimum Salary,$408241,,,,,,,,,,
204,Mike Scott,ATL,$3333333,$3333333,$3333334,,,,,$6666666,,,,,,,,,,
353,Miles Plumlee,PHO,$1169880,$2109294,,,,,1st Round Pick,$3279174,,,,,,,,,,
480,Miroslav Raduljica,LAC,$300000,$300000,$300000,$300000,$300000,,,,,,,,,,,,,
496,Miroslav Raduljica,MIN,$96100,,,,,,,$96100,,,,,,,,,,
202,Mirza Teletovic,BRK,$3368100,,,,,,Mini MLE,$3368100,,,,,,,,,,
331,Mitch McGary,OKC,$1400040,$1463040,$1526040,$2430981,,,1st Round Pick,$2863080,,,,,,,,,,
518,Mitchell Watt,GSW,$35000,,,,,,,$35000,,,,,,,,,,
191,Mo Williams,MIN,$3750000,,,,,,MLE,$3750000,,,,,,,,,,
81,Monta Ellis,DAL,$8360000,$8720000,,,,,Cap Space,$8360000,,,,,,,,,,
271,Nate Robinson,BOS,$2106720,,,,,,,$2106720,,,,,,,,,,
432,Nate Wolters,MIL,$816482,,,,,,,$816482,,,,,,,,,,
498,Nate Wolters,NOP,$96056,,,,,,Minimum Salary,$95056,,,,,,,,,,
327,Nazr Mohammed,CHI,$1448490,,,,,,Minimum Salary,$1448490,,,,,,,,,,
366,Nemanja Nedovic,GSW,$1104240,,,,,,,$1104240,,,,,,,,,,
35,Nene Hilario,WAS,$13000000,$13000000,,,,,Bird Rights,$26000000,,,,,,,,,,
208,Nerlens Noel,PHI,$3315120,$3457800,$4384490,,,,1st Round Pick,$6772920,,,,,,,,,,
434,Nick Calathes,MEM,$816482,,,,,,Minimum Salary,$816482,,,,,,,,,,
264,Nick Collison,OKC,$2242003,,,,,,Bird Rights,$2242003,,,,,,,,,,
467,Nick Johnson,HOU,$507336,$845059,$980431,,,,,$2332826,,,,,,,,,,
153,Nick Young,LAL,$4994420,$5219169,$5443918,$5668667,,,Cap Space,$15657507,,,,,,,,,,
49,Nicolas Batum,POR,$11765500,$12235750,,,,,Bird Rights,$23251250,,,,,,,,,,
243,Nik Stauskas,SAC,$2745840,$2869440,$2993040,$3807146,,,1st Round Pick,$5615280,,,,,,,,,,
145,Nikola Mirotic,CHI,$5305000,$5543725,$5782450,,,,Cap Space,$16631175,,,,,,,,,,
44,Nikola Pekovic,MIN,$12100000,$12100000,$12100000,$11600000,,,Bird Rights,$47900000,,,,,,,,,,
241,Nikola Vucevic,ORL,$2751260,,,,,,1st Round Pick,$2751260,,,,,,,,,,
252,Noah Vonleh,CHO,$2524200,$2637720,$2751360,$3505233,,,1st Round Pick,$5161920,,,,,,,,,,
282,Norris Cole,MIA,$2038206,,,,,,1st Round Pick,$2038206,,,,,,,,,,
83,O.J. Mayo,MIL,$8000000,$8000000,,,,,Cap Space,$16000000,,,,,,,,,,
436,Ognjen Kuzmic,GSW,$816482,,,,,,,$816482,,,,,,,,,,
79,Omer Asik,NOP,$8374646,,,,,,Cap Space,$8374646,,,,,,,,,,
373,Omri Casspi,SAC,$1063384,,,,,,Minimum Salary,$1063384,,,,,,,,,,
529,Orlando Sanchez,NYK,$15000,,,,,,,$15000,,,,,,,,,,
168,Otto Porter,WAS,$4470480,$4662960,$5893981,,,,1st Round Pick,$9133440,,,,,,,,,,
355,P.J. Hairston,CHO,$1149720,$1201440,$1253160,$2259447,,,1st Round Pick,$2351160,,,,,,,,,,
129,P.J. Tucker,PHO,$5700000,$5500000,$5300000,,,,Cap Space,$12700000,,,,,,,,,,
306,Pablo Prigioni,NYK,$1662961,$1734572,,,,,MLE,$3544311,,,,,,,,,,
494,Patric Young,NOP,$100000,,,,,,,$100000,,,,,,,,,,
407,Patrick Beverley,HOU,$915243,,,,,,Cap Space,,,,,,,,,,,
187,Patrick Mills,SAS,$3842105,$3578947,$3578948,,,,Bird Rights,$11000000,,,,,,,,,,
128,Patrick Patterson,TOR,$5831326,$6268675,$6050000,,,,Bird Rights,$18150001,,,,,,,,,,
99,Pau Gasol,CHI,$7128000,$7448760,$7769520,,,,Cap Space,$14576760,,,,,,,,,,
17,Paul George,IND,$15925680,$17120106,$18314532,$19508958,$20703384,,1st Round Pick,$70869276,,,,,,,,,,
67,Paul Millsap,ATL,$9500000,,,,,,Cap Space,$9500000,,,,,,,,,,
141,Paul Pierce,WAS,$5305000,$5543725,,,,,MLE,$5305000,,,,,,,,,,
344,Pero Antic,ATL,$1250000,,,,,,Cap Space,$1250000,,,,,,,,,,
360,Perry Jones,OKC,$1129200,$2038206,,,,,1st Round Pick,$3167406,,,,,,,,,,
492,Peyton Siva,ORL,$100000,,,,,,,$100000,,,,,,,,,,
441,Phil Pressey,BOS,$816482,$947276,,,,,Mini MLE,$816482,,,,,,,,,,
476,Pierre Jackson,PHI,$400000,,,,,,,$400000,,,,,,,,,,
400,Quincy Acy,NYK,$915243,,,,,,Cap Space,$915243,,,,,,,,,,
490,Quincy Miller,DEN,$150000,,,,,,,$150000,,,,,,,,,,
219,Quincy Pondexter,NOP,$3146068,$3382023,$3617978,$3853931,,,1st Round Pick,$14000000,,,,,,,,,,
37,Rajon Rondo,DAL,$12909091,,,,,,Bird Rights,$12909091,,,,,,,,,,
274,Ramon Sessions,SAC,$2077000,$2170465,,,,,BAE,$4247465,,,,,,,,,,
221,Randy Foye,DEN,$3135000,$3270000,,,,,Non Bird Rights,$6405000,,,,,,,,,,
319,Rasual Butler,WAS,$1448490,,,,,,Minimum Salary,,,,,,,,,,,
426,Ray McCallum,SAC,$816482,$947276,,,,,Cap Space,$816482,,,,,,,,,,
190,Raymond Felton,DAL,$3793693,$3950313,,,,,Cap Space,$3793693,,,,,,,,,,
351,Reggie Bullock,PHO,$1200720,$1252440,$2255644,,,,,$2453160,,,,,,,,,,
299,Reggie Evans,SAC,$1768653,,,,,,Non Bird Rights,$1768653,,,,,,,,,,
266,Reggie Jackson,OKC,$2204370,,,,,,1st Round Pick,$2204370,,,,,,,,,,
507,Reggie Williams,SAS,$62552,,,,,,Minimum Salary,$62552,,,,,,,,,,
479,Richard Hamilton,CHI,$333333,$333333,,,,,,$666666,,,,,,,,,,
412,Richard Jefferson,DAL,$1448490,,,,,,Minimum Salary,$1448490,,,,,,,,,,
439,Ricky Ledo,DAL,$816482,$947276,$1015696,,,,,$816482,,,,,,,,,,
148,Ricky Rubio,MIN,$5070686,$12365000,$13292375,$14219750,$15147125,,1st Round Pick,$60094936,,,,,,,,,,
421,Robbie Hummel,MIN,$880000,,,,,,,$880000,,,,,,,,,,
375,Robert Covington,PHI,$1000000,$1000000,$1015696,$1087745,,,,,,,,,,,,,,
489,Robert Covington,HOU,$150000,,,,,,,$150000,,,,,,,,,,
404,Robert Sacre,LAL,$915243,$981348,,,,,Non Bird Rights,$915243,,,,,,,,,,
122,Robin Lopez,POR,$6124728,,,,,,Bird Rights,$5340229,,,,,,,,,,
341,Rodney Hood,UTA,$1290360,$1348440,$1406520,$2386864,,,1st Round Pick,$2638800,,,,,,,,,,
347,Rodney Stuckey,IND,$1227985,,,,,,Minimum Salary,$1227985,,,,,,,,,,
478,Ronald Roberts Jr.,PHI,$373041,,,,,,,,,,,,,,,,,
336,Ronnie Price,LAL,$1316809,,,,,,Minimum Salary,,,,,,,,,,,
314,Ronny Turiaf,PHI,$1500000,,,,,,,$1500000,,,,,,,,,,
25,Roy Hibbert,IND,$14898938,$15514031,,,,,Bird Rights,$14898938,,,,,,,,,,
11,Rudy Gay,SAC,$19317325,$12403101,$13333333,$14263566,,,Bird Rights,$45053759,,,,,,,,,,
361,Rudy Gobert,UTA,$1127400,$1175880,$2121288,,,,1st Round Pick,$1127400,,,,,,,,,,
463,Russ Smith,MEM,$816482,$816482,$816482,,,,,$507336,,,,,,,,,,
20,Russell Westbrook,OKC,$15719062,$16744218,$17769374,,,,Bird Rights,$50232654,,,,,,,,,,
77,Ryan Anderson,NOP,$8491500,$8500000,,,,,Bird Rights,$16991500,,,,,,,,,,
335,Ryan Hollins,SAC,$1316809,,,,,,Minimum Salary,$1316809,,,,,,,,,,
307,Ryan Kelly,LAL,$1650000,$1724250,,,,,Room Exception,$3374250,,,,,,,,,,
186,Samuel Dalembert,NYK,$3867282,,,,,,,$1800000,,,,,,,,,,
517,Sean Kilpatrick,GSW,$35000,,,,,,,$35000,,,,,,,,,,
399,Sebastian Telfair,OKC,$915243,,,,,,,$915243,,,,,,,,,,
40,Serge Ibaka,OKC,$12350000,$12350000,$12350000,,,,Bird Rights,$36750000,,,,,,,,,,
312,Sergey Karasev,BRK,$1533840,$1599840,$2463754,,,,1st Round Pick,$1533840,,,,,,,,,,
493,Seth Curry,ORL,$100000,,,,,,,$100000,,,,,,,,,,
290,Shabazz Muhammad,MIN,$1971960,$2056920,$3046299,,,,1st Round Pick,$4028880,,,,,,,,,,
345,Shabazz Napier,MIA,$1238640,$1294440,$1350120,$2361360,,,1st Round Pick,$2533080,,,,,,,,,,
309,Shane Larkin,NYK,$1606080,$1675320,$2576642,,,,1st Round Pick,$1606080,,,,,,,,,,
144,Shaun Livingston,GSW,$5305000,$5543725,$5782450,,,,MLE,$13848725,,,,,,,,,,
349,Shavlik Randolph,BOS,$1227985,,,,,,Minimum Salary,,,,,,,,,,,
324,Shawn Marion,CLE,$1448490,,,,,,Minimum Salary,$1448490,,,,,,,,,,
346,Shawne Williams,MIA,$1227985,$1356146,,,,,Minimum Salary,$1227985,,,,,,,,,,
466,Shayne Whittington,IND,$507336,,,,,,,,,,,,,,,,,
256,Shelvin Mack,ATL,$2433333,$2433333,$2433334,,,,Cap Space,$4866666,,,,,,,,,,
340,Solomon Hill,IND,$1302840,$1358880,$2306019,,,,1st Round Pick,$2661720,,,,,,,,,,
449,Spencer Dinwiddie,DET,$700000,$845059,$980431,,,,Cap Space,$1545059,,,,,,,,,,
143,Spencer Hawes,LAC,$5305000,$5543725,$5782450,$6021175,,,MLE,$16631175,,,,,,,,,,
57,Stephen Curry,GSW,$10629213,$11370786,$12112359,,,,Bird Rights,$34112358,,,,,,,,,,
275,Steve Blake,POR,$2077000,$2170465,,,,,BAE,$2077000,,,,,,,,,,
64,Steve Nash,LAL,$9701000,,,,,,Bird Rights,$9701000,,,,,,,,,,
200,Steve Novak,UTA,$3445946,$3750000,,,,,Early Bird,$7195946,,,,,,,,,,
268,Steven Adams,OKC,$2184960,$2279040,$3140517,,,,1st Round Pick,$4464000,,,,,,,,,,
292,T.J. Warren,PHO,$1953120,$2041080,$2128920,$3152931,,,1st Round Pick,$3994200,,,,,,,,,,
86,Taj Gibson,CHI,$8000000,$8500000,$8950000,,,,Bird Rights,$25450000,,,,,,,,,,
464,Tarik Black,LAL,$507336,$845059,,,,,Minimum Salary,$50000,,,,,,,,,,
92,Tayshaun Prince,BOS,$7707865,,,,,,Bird Rights,$7707865,,,,,,,,,,
308,Terrence Jones,HOU,$1618680,$2489530,,,,,1st Round Pick,$4108210,,,,,,,,,,
239,Terrence Ross,TOR,$2793960,$3553917,,,,,1st Round Pick,$6347877,,,,,,,,,,
174,Thabo Sefolosha,ATL,$4150000,$4000000,$3850000,,,,,$12000000,,,,,,,,,,
69,Thaddeus Young,MIN,$9410870,$9971739,,,,,Bird Rights,$9160870,,,,,,,,,,
193,Thomas Robinson,POR,$3678360,$4660482,,,,,1st Round Pick,$3678360,,,,,,,,,,
71,Tiago Splitter,SAS,$9250000,$8500000,$8250000,,,,Bird Rights,$26000000,,,,,,,,,,
60,Tim Duncan,SAS,$10000000,,,,,,Bird Rights,$10000000,,,,,,,,,,
343,Tim Hardaway,NYK,$1250640,$1304520,$2281605,,,,1st Round Pick,$2555160,,,,,,,,,,
162,Timofey Mozgov,CLE,$4650000,$4950000,,,,,Bird Rights,$4650000,,,,,,,,,,
259,Tobias Harris,ORL,$2380594,,,,,,1st Round Pick,$2380594,,,,,,,,,,
157,Tony Allen,MEM,$4831461,$5168539,$5505618,,,,Bird Rights,$15505618,,,,,,,,,,
427,Tony Mitchell,PHO,$816482,,,,,,,$816482,,,,,,,,,,
39,Tony Parker,SAS,$12500000,$13437500,$14445313,$15453126,,,Bird Rights,$55835939,,,,,,,,,,
317,Tony Snell,CHI,$1472400,$1535880,$2368327,,,,1st Round Pick,$3008280,,,,,,,,,,
350,Tony Wroten,PHI,$1210080,$2179354,,,,,1st Round Pick,$3389434,,,,,,,,,,
481,Toure' Murry,UTA,$250000,,,,,,,$250000,,,,,,,,,,
180,Travis Outlaw,BRK,$4000000,,,,,,,,,,,,,,,,,
227,Travis Outlaw,PHI,$3000000,,,,,,,$3000000,,,,,,,,,,
460,Travis Wear,NYK,$507336,,,,,,Minimum Salary,$62000,,,,,,,,,,
75,Trevor Ariza,HOU,$8579089,$8193030,$7806971,$7420912,,,Bird Rights,$32000000,,,,,,,,,,
150,Trevor Booker,UTA,$5000000,$4775000,,,,,Cap Space,$5250000,,,,,,,,,,
251,Trey Burke,UTA,$2548560,$2658240,$3386598,,,,1st Round Pick,$2548560,,,,,,,,,,
147,Tristan Thompson,CLE,$5138430,,,,,,1st Round Pick,$5138430,,,,,,,,,,
431,Troy Daniels,MIN,$816482,$947276,,,,,Minimum Salary,$1763758,,,,,,,,,,
50,Ty Lawson,DEN,$11595506,$12404495,$13213482,,,,Bird Rights,$37213483,,,,,,,,,,
310,Tyler Ennis,PHO,$1590720,$1662360,$1733880,$2666707,,,1st Round Pick,$3253080,,,,,,,,,,
205,Tyler Hansbrough,TOR,$3326235,,,,,,MLE,$3326235,,,,,,,,,,
497,Tyler Johnson,MIA,$96060,,,,,,,$48030,,,,,,,,,,
303,Tyler Zeller,BOS,$1703760,$2616975,,,,,1st Round Pick,$4320735,,,,,,,,,,
56,Tyreke Evans,NOP,$10763500,$11227000,$11690500,,,,Bird Rights,$33681000,,,,,,,,,,
70,Tyrus Thomas,CHO,$9388000,,,,,,,,,,,,,,,,,
501,Tyrus Thomas,MEM,$72234,,,,,,Minimum Salary,$72234,,,,,,,,,,
30,Tyson Chandler,DAL,$14598888,,,,,,Bird Rights,$14598888,,,,,,,,,,
244,Udonis Haslem,MIA,$2732000,$2854940,,,,,MLE,$5586940,,,,,,,,,,
332,Victor Claver,POR,$1370000,,,,,,Cap Space,$1370000,,,,,,,,,,
154,Victor Oladipo,ORL,$4978200,$5192520,$6552960,,,,1st Round Pick,$10170720,,,,,,,,,,
182,Vince Carter,MEM,$3911981,$4088091,$4264057,,,,,$10000072,,,,,,,,,,
272,Vitor Faverani,BOS,$2090000,,,,,,,$2090000,,,,,,,,,,
374,Wayne Ellington,LAL,$1063384,,,,,,Minimum Salary,,,,,,,,,,,
394,Wayne Ellington,SAC,$923780,$923670,$923670,,,,,,,,,,,,,,,
383,Wesley Johnson,LAL,$981084,,,,,,Minimum Salary,$981084,,,,,,,,,,
96,Wesley Matthews,POR,$7245640,,,,,,MLE,$6107640,,,,,,,,,,
396,Will Barton,POR,$915243,,,,,,Cap Space,$915243,,,,,,,,,,
236,Will Bynum,BOS,$2915908,,,,,,,$2915908,,,,,,,,,,
526,Will Cherry,TOR,$25000,,,,,,,$25000,,,,,,,,,,
321,Willie Green,ORL,$1448490,,,,,,Non Bird Rights,$1448490,,,,,,,,,,
107,Wilson Chandler,DEN,$6757913,$7171663,,,,,Bird Rights,$8757913,,,,,,,,,,
371,Xavier Henry,LAL,$1082000,,,,,,,$1082000,,,,,,,,,,
281,Zach LaVine,MIN,$2055840,$2148360,$2240880,$3202217,,,1st Round Pick,$4204200,,,,,,,,,,
15,Zach Randolph,MEM,$16500000,$9638555,$10361445,,,,Bird Rights,$36500000,,,,,,,,,,
146,Zaza Pachulia,MIL,$5200000,$5200000,,,,,Cap Space,$10400000,,,,,,,,,,
291,Zoran Dragic,PHO,$1962103,$2050397,,,,,Cap Space,$4012500,,,,,,,,,,
